elapsed_s,dirty_pending,maintained_queue,parent_pending,deadlocks,xact_rollback,n_dead_tup
0.000,0,0,0,0,1,10214
1.001,102,102,1,0,1,10221
2.002,85,85,0,0,1,10331
3.003,49,49,1,0,1,10427
4.002,9,9,0,0,1,10530
5.003,0,0,1,0,1,10616
6.003,97,97,0,0,1,10700
7.003,54,54,1,0,1,10796
8.003,12,12,0,0,1,10886
9.004,0,0,1,0,1,10989
10.004,99,99,0,0,1,11085
11.004,58,58,1,0,1,11170
12.005,25,25,0,0,1,11273
13.005,0,0,1,0,1,11382
14.005,99,99,0,0,1,11489
15.005,77,77,1,0,1,11554
16.005,33,33,0,0,1,43
17.005,6,6,1,0,1,374
18.005,0,0,0,0,1,477
19.005,101,101,1,0,1,577
20.005,53,53,0,0,1,664
21.004,8,8,1,0,1,763
22.004,0,0,0,0,1,873
23.004,100,100,1,0,1,970
24.005,54,54,0,0,1,1058
25.005,13,13,1,0,1,1156
26.005,0,0,0,0,1,1266
27.005,98,98,1,0,1,1364
28.006,57,57,0,0,1,1450
29.007,16,16,1,0,1,1546
30.007,0,0,0,0,1,1655
31.008,102,102,1,0,1,1750
32.009,61,61,0,0,1,1786
33.009,20,20,1,0,1,1833
34.009,0,0,0,0,1,1936
35.009,97,97,1,0,1,2038
36.009,49,49,0,0,1,2125
37.009,3,3,1,0,1,2218
38.009,0,0,0,0,1,2328
39.008,96,96,1,0,1,2428
40.009,55,55,0,0,1,2520
41.009,8,8,1,0,1,2616
42.009,0,0,0,0,1,2726
43.009,96,96,1,0,1,2822
44.009,55,55,0,0,1,2916
45.008,21,21,1,0,1,3011
46.008,0,0,0,0,1,3120
47.007,96,96,1,0,1,3213
48.008,49,49,0,0,1,3254
49.009,4,4,1,0,1,3305
50.009,0,0,0,0,1,3396
51.009,98,98,1,0,1,3506
52.010,53,53,0,0,1,3597
53.011,7,7,1,0,1,3694
54.011,0,0,0,0,1,3804
55.011,98,98,1,0,1,3901
56.012,54,54,0,0,1,3987
57.013,6,6,1,0,1,4083
58.013,0,0,0,0,1,4193
59.013,97,97,1,0,1,4292
60.014,46,46,0,0,1,4379
61.014,0,0,1,0,1,4474
62.014,103,103,0,0,1,4583
63.014,64,64,1,0,1,4678
64.013,23,23,0,0,1,4721
65.013,0,0,1,0,1,4797
66.013,100,100,0,0,1,4877
67.013,53,53,1,0,1,4968
68.013,11,11,0,0,1,5068
69.013,0,0,0,0,1,5178
70.013,97,97,0,0,1,5281
71.013,47,47,0,0,1,5369
72.013,2,2,0,0,1,5469
73.013,0,0,0,0,1,5579
74.013,97,97,0,0,1,5679
75.013,57,57,0,0,1,5776
76.014,8,8,0,0,1,5871
77.014,0,0,0,0,1,5980
78.014,96,96,0,0,1,6080
79.014,52,52,0,0,1,6171
80.014,1,1,0,0,1,6232
81.014,0,0,0,0,1,6280
82.014,97,97,0,0,1,6376
83.014,53,53,0,0,1,6467
84.014,8,8,0,0,1,6562
85.015,0,0,0,0,1,6665
86.015,99,99,0,0,1,6775
87.015,55,55,0,0,1,6865
88.015,10,10,0,0,1,6965
89.016,0,0,0,0,1,7075
90.016,98,98,0,0,1,7180
91.016,48,48,0,0,1,7271
92.017,1,1,0,0,1,7369
93.018,0,0,0,0,1,7470
94.018,102,102,0,0,1,7579
95.018,68,68,0,0,1,7672
96.018,29,29,0,0,1,7726
97.018,0,0,0,0,1,7788
98.019,98,98,0,0,1,7867
99.019,62,62,0,0,1,7954
100.018,14,14,0,0,1,8047
101.018,0,0,0,0,1,8157
102.018,98,98,0,0,1,8259
103.017,55,55,0,0,1,8351
104.017,14,14,0,0,1,8448
105.017,0,0,0,0,1,8547
106.017,99,99,0,0,1,8657
107.017,51,51,0,0,1,8749
108.017,7,7,0,0,1,8848
109.018,0,0,0,0,1,8947
110.018,102,102,0,0,1,9056
111.017,55,55,0,0,1,9139
112.016,9,9,0,0,1,9188
113.017,0,0,0,0,1,9250
114.018,101,101,0,0,1,9346
115.018,62,62,0,0,1,9434
116.018,19,19,0,0,1,9526
117.019,0,0,0,0,1,9636
118.018,99,99,0,0,1,9739
119.018,54,54,0,0,1,9831
120.018,9,9,0,0,1,9928
121.017,0,0,0,0,1,9928
122.018,0,0,0,0,1,9928
123.018,0,0,0,0,1,9928
124.017,0,0,0,0,1,9928
125.017,0,0,0,0,1,9928
126.017,0,0,0,0,1,9928
127.017,0,0,0,0,1,9928
128.017,0,0,0,0,1,9928
129.017,0,0,0,0,1,9928
130.017,0,0,0,0,1,9974
131.017,0,0,0,0,1,9974
132.018,0,0,0,0,1,9974
133.017,0,0,0,0,1,9974
134.017,0,0,0,0,1,9974
135.017,0,0,0,0,1,9974
136.017,0,0,0,0,1,9974
137.017,0,0,0,0,1,9974
138.018,0,0,0,0,1,9974
139.017,0,0,0,0,1,9974
140.016,0,0,0,0,1,9974
141.018,0,0,0,0,1,9974
142.017,0,0,0,0,1,9974
143.017,0,0,0,0,1,9974
144.017,0,0,0,0,1,9974
145.017,0,0,0,0,1,9974
146.017,0,0,0,0,1,9974
147.017,0,0,0,0,1,9974
148.018,0,0,0,0,1,9974
149.018,0,0,0,0,1,9974
150.018,0,0,0,0,1,9974
151.018,0,0,0,0,1,9974
152.018,0,0,0,0,1,9974
153.017,0,0,0,0,1,9974
154.017,0,0,0,0,1,9974
155.017,0,0,0,0,1,9974
156.018,0,0,0,0,1,9974
157.019,0,0,0,0,1,9974
158.018,0,0,0,0,1,9974
159.018,0,0,0,0,1,9974
160.019,0,0,0,0,1,9974
161.019,0,0,0,0,1,9974
162.019,0,0,0,0,1,9974
163.019,0,0,0,0,1,9974
164.019,0,0,0,0,1,9974
165.019,0,0,0,0,1,9974
166.018,0,0,0,0,1,9974
167.018,0,0,0,0,1,9974
168.019,0,0,0,0,1,9974
169.018,0,0,0,0,1,9974
170.019,0,0,0,0,1,9974
171.020,0,0,0,0,1,9974
172.020,0,0,0,0,1,9974
173.020,0,0,0,0,1,9974
174.020,0,0,0,0,1,9974
175.020,0,0,0,0,1,9974
176.021,0,0,0,0,1,9974
177.021,0,0,0,0,1,9974
178.021,0,0,0,0,1,9974
179.021,0,0,0,0,1,9974
180.022,0,0,0,0,1,9974
181.021,0,0,0,0,1,9974
